{"cameraMode":{"drawMode":0,"name":"Shaded","section":"Shading Mode"},"sceneLighting":true,"audioPlay":false,"sceneViewState":{"m_AlwaysRefresh":false,"showFog":true,"showSkybox":true,"showFlares":true,"showImageEffects":true,"showParticleSystems":true,"showVisualEffectGraphs":true,"m_FxEnabled":true},"in2DMode":false,"pivot":{"x":15.612378120422364,"y":3.0919196605682375,"z":7.553739547729492},"rotation":{"x":-0.02418678067624569,"y":0.9587287306785584,"z":-0.08625480532646179,"w":-0.26966404914855959},"size":0.988278865814209,"orthographic":false}